campaign_id,block_id,prevhash,metric,observed,null_mean,null_sd,z_score,permutation_p_two_sided,permutations
traj_20260905_190202_4a454354,a233de5a97ceb321c40ff8beab4df53d24b8b883dc69e3bb31ec97f96a41eff0,531f62a605b0199a8aaf046827f062e2418fa2a90000e8380000000000000000,mean_abs_nonce_delta,1440631412.037914,1432103647.506609,13203558.279800,0.645869,0.512438,200
traj_20260905_190202_4a454354,a233de5a97ceb321c40ff8beab4df53d24b8b883dc69e3bb31ec97f96a41eff0,531f62a605b0199a8aaf046827f062e2418fa2a90000e8380000000000000000,mean_circular_nonce_distance,1077311816.471625,1073088327.041327,9871874.274348,0.427831,0.686567,200
traj_20260905_190202_4a454354,a233de5a97ceb321c40ff8beab4df53d24b8b883dc69e3bb31ec97f96a41eff0,531f62a605b0199a8aaf046827f062e2418fa2a90000e8380000000000000000,mean_xor_popcount,15.992031,16.006892,0.045529,-0.326411,0.751244,200
traj_20260905_190202_4a454354,a233de5a97ceb321c40ff8beab4df53d24b8b883dc69e3bb31ec97f96a41eff0,531f62a605b0199a8aaf046827f062e2418fa2a90000e8380000000000000000,mean_common_prefix_bits,0.983096,1.000856,0.021114,-0.841171,0.417910,200
traj_20260905_190202_4a454354,a233de5a97ceb321c40ff8beab4df53d24b8b883dc69e3bb31ec97f96a41eff0,531f62a605b0199a8aaf046827f062e2418fa2a90000e8380000000000000000,mean_common_suffix_bits,1.010384,1.000942,0.021990,0.429379,0.641791,200
traj_20260905_190202_4a454354,a233de5a97ceb321c40ff8beab4df53d24b8b883dc69e3bb31ec97f96a41eff0,531f62a605b0199a8aaf046827f062e2418fa2a90000e8380000000000000000,spearman_y_rank_vs_nonce,0.006217,-0.002940,0.015216,0.601806,0.552239,200
traj_20260905_190202_4a454354,ac12bcce4e1ea38b16aeb3790af56dabbe3c1c1be8765c0d548d4605c8a39d59,531f62a605b0199a8aaf046827f062e2418fa2a90000e8380000000000000000,mean_abs_nonce_delta,1420203677.719739,1417893807.575373,14131870.265765,0.163451,0.875622,200
traj_20260905_190202_4a454354,ac12bcce4e1ea38b16aeb3790af56dabbe3c1c1be8765c0d548d4605c8a39d59,531f62a605b0199a8aaf046827f062e2418fa2a90000e8380000000000000000,mean_circular_nonce_distance,1081016046.864390,1073286445.359138,10392466.715608,0.743770,0.547264,200
traj_20260905_190202_4a454354,ac12bcce4e1ea38b16aeb3790af56dabbe3c1c1be8765c0d548d4605c8a39d59,531f62a605b0199a8aaf046827f062e2418fa2a90000e8380000000000000000,mean_xor_popcount,15.989453,15.998463,0.048272,-0.186662,0.840796,200
traj_20260905_190202_4a454354,ac12bcce4e1ea38b16aeb3790af56dabbe3c1c1be8765c0d548d4605c8a39d59,531f62a605b0199a8aaf046827f062e2418fa2a90000e8380000000000000000,mean_common_prefix_bits,0.973631,0.998410,0.021742,-1.139679,0.228856,200
traj_20260905_190202_4a454354,ac12bcce4e1ea38b16aeb3790af56dabbe3c1c1be8765c0d548d4605c8a39d59,531f62a605b0199a8aaf046827f062e2418fa2a90000e8380000000000000000,mean_common_suffix_bits,1.031894,0.997879,0.024731,1.375348,0.184080,200
traj_20260905_190202_4a454354,ac12bcce4e1ea38b16aeb3790af56dabbe3c1c1be8765c0d548d4605c8a39d59,531f62a605b0199a8aaf046827f062e2418fa2a90000e8380000000000000000,spearman_y_rank_vs_nonce,0.000897,0.000697,0.014773,0.013543,0.995025,200
traj_20260905_190202_4a454354,29b1aa1184808c923f0c6dfa02780b8c4dc00580a176241202db443cd714cb16,7f107b87fddd4f1364e4ad5ca5097bb67eca07c40001a6c70000000000000000,mean_abs_nonce_delta,1429297743.162050,1417979132.336923,13915111.152801,0.813404,0.432836,200
traj_20260905_190202_4a454354,29b1aa1184808c923f0c6dfa02780b8c4dc00580a176241202db443cd714cb16,7f107b87fddd4f1364e4ad5ca5097bb67eca07c40001a6c70000000000000000,mean_circular_nonce_distance,1074838417.824467,1074045284.087978,10267228.354716,0.077249,0.940299,200
traj_20260905_190202_4a454354,29b1aa1184808c923f0c6dfa02780b8c4dc00580a176241202db443cd714cb16,7f107b87fddd4f1364e4ad5ca5097bb67eca07c40001a6c70000000000000000,mean_xor_popcount,15.987252,15.998829,0.043023,-0.269101,0.741294,200
traj_20260905_190202_4a454354,29b1aa1184808c923f0c6dfa02780b8c4dc00580a176241202db443cd714cb16,7f107b87fddd4f1364e4ad5ca5097bb67eca07c40001a6c70000000000000000,mean_common_prefix_bits,0.993871,0.998486,0.022044,-0.209354,0.875622,200
traj_20260905_190202_4a454354,29b1aa1184808c923f0c6dfa02780b8c4dc00580a176241202db443cd714cb16,7f107b87fddd4f1364e4ad5ca5097bb67eca07c40001a6c70000000000000000,mean_common_suffix_bits,0.980633,1.000949,0.021748,-0.934183,0.348259,200
traj_20260905_190202_4a454354,29b1aa1184808c923f0c6dfa02780b8c4dc00580a176241202db443cd714cb16,7f107b87fddd4f1364e4ad5ca5097bb67eca07c40001a6c70000000000000000,spearman_y_rank_vs_nonce,-0.015144,0.002968,0.016308,-1.110623,0.268657,200
traj_20260905_190202_4a454354,c0c363e05be7e6508fa822f403bca427ed54324694c243b24204117e96247f59,7f107b87fddd4f1364e4ad5ca5097bb67eca07c40001a6c70000000000000000,mean_abs_nonce_delta,1428328030.482624,1423149091.046538,15516204.216502,0.333776,0.686567,200
traj_20260905_190202_4a454354,c0c363e05be7e6508fa822f403bca427ed54324694c243b24204117e96247f59,7f107b87fddd4f1364e4ad5ca5097bb67eca07c40001a6c70000000000000000,mean_circular_nonce_distance,1085300952.131669,1074438381.990046,10273001.489160,1.057390,0.258706,200
traj_20260905_190202_4a454354,c0c363e05be7e6508fa822f403bca427ed54324694c243b24204117e96247f59,7f107b87fddd4f1364e4ad5ca5097bb67eca07c40001a6c70000000000000000,mean_xor_popcount,15.953744,15.997994,0.044614,-0.991832,0.363184,200
traj_20260905_190202_4a454354,c0c363e05be7e6508fa822f403bca427ed54324694c243b24204117e96247f59,7f107b87fddd4f1364e4ad5ca5097bb67eca07c40001a6c70000000000000000,mean_common_prefix_bits,0.967450,0.999619,0.023951,-1.343162,0.184080,200
traj_20260905_190202_4a454354,c0c363e05be7e6508fa822f403bca427ed54324694c243b24204117e96247f59,7f107b87fddd4f1364e4ad5ca5097bb67eca07c40001a6c70000000000000000,mean_common_suffix_bits,0.986050,0.998774,0.022186,-0.573508,0.567164,200
traj_20260905_190202_4a454354,c0c363e05be7e6508fa822f403bca427ed54324694c243b24204117e96247f59,7f107b87fddd4f1364e4ad5ca5097bb67eca07c40001a6c70000000000000000,spearman_y_rank_vs_nonce,0.000967,-0.001986,0.015909,0.185622,0.820896,200
traj_20260905_190202_4a454354,2644cc2f3716b2b392fdc4323c27b0742070d628f91d6115901736b561982570,86f23d0f9302b660705da4244f1c7cf039fef63f0000bfc60000000000000000,mean_abs_nonce_delta,1433533850.719922,1423184488.759344,13720347.266102,0.754308,0.398010,200
traj_20260905_190202_4a454354,2644cc2f3716b2b392fdc4323c27b0742070d628f91d6115901736b561982570,86f23d0f9302b660705da4244f1c7cf039fef63f0000bfc60000000000000000,mean_circular_nonce_distance,1084141770.448420,1072878486.209753,9722214.943060,1.158510,0.253731,200
traj_20260905_190202_4a454354,2644cc2f3716b2b392fdc4323c27b0742070d628f91d6115901736b561982570,86f23d0f9302b660705da4244f1c7cf039fef63f0000bfc60000000000000000,mean_xor_popcount,16.032345,16.000483,0.044427,0.717179,0.452736,200
traj_20260905_190202_4a454354,2644cc2f3716b2b392fdc4323c27b0742070d628f91d6115901736b561982570,86f23d0f9302b660705da4244f1c7cf039fef63f0000bfc60000000000000000,mean_common_prefix_bits,0.989463,1.001241,0.022338,-0.527261,0.601990,200
traj_20260905_190202_4a454354,2644cc2f3716b2b392fdc4323c27b0742070d628f91d6115901736b561982570,86f23d0f9302b660705da4244f1c7cf039fef63f0000bfc60000000000000000,mean_common_suffix_bits,1.017643,1.002577,0.022522,0.668950,0.547264,200
traj_20260905_190202_4a454354,2644cc2f3716b2b392fdc4323c27b0742070d628f91d6115901736b561982570,86f23d0f9302b660705da4244f1c7cf039fef63f0000bfc60000000000000000,spearman_y_rank_vs_nonce,0.008390,-0.001461,0.015822,0.622583,0.547264,200
traj_20260905_190202_4a454354,db89e5d5ae55624f6678dda086a8935c2cdfe1c2c50369a476988f8f90ca5ddb,86f23d0f9302b660705da4244f1c7cf039fef63f0000bfc60000000000000000,mean_abs_nonce_delta,1428281492.838446,1413851523.614420,13684177.998957,1.054500,0.313433,200
traj_20260905_190202_4a454354,db89e5d5ae55624f6678dda086a8935c2cdfe1c2c50369a476988f8f90ca5ddb,86f23d0f9302b660705da4244f1c7cf039fef63f0000bfc60000000000000000,mean_circular_nonce_distance,1063178516.025977,1073763296.027419,9692470.065722,-1.092062,0.313433,200
traj_20260905_190202_4a454354,db89e5d5ae55624f6678dda086a8935c2cdfe1c2c50369a476988f8f90ca5ddb,86f23d0f9302b660705da4244f1c7cf039fef63f0000bfc60000000000000000,mean_xor_popcount,15.966601,16.000929,0.042869,-0.800780,0.452736,200
traj_20260905_190202_4a454354,db89e5d5ae55624f6678dda086a8935c2cdfe1c2c50369a476988f8f90ca5ddb,86f23d0f9302b660705da4244f1c7cf039fef63f0000bfc60000000000000000,mean_common_prefix_bits,0.991836,0.999870,0.021410,-0.375256,0.731343,200
traj_20260905_190202_4a454354,db89e5d5ae55624f6678dda086a8935c2cdfe1c2c50369a476988f8f90ca5ddb,86f23d0f9302b660705da4244f1c7cf039fef63f0000bfc60000000000000000,mean_common_suffix_bits,1.025482,0.999411,0.022243,1.172112,0.253731,200
traj_20260905_190202_4a454354,db89e5d5ae55624f6678dda086a8935c2cdfe1c2c50369a476988f8f90ca5ddb,86f23d0f9302b660705da4244f1c7cf039fef63f0000bfc60000000000000000,spearman_y_rank_vs_nonce,-0.003766,0.000921,0.016321,-0.287159,0.746269,200
traj_20260905_190202_4a454354,59d1391e1a02b496d5c2fea62cf2a4fa6484e6900a84a04fd200a850722f4ff8,c7c041c0002635f1c48f670f1b194a40c26fd75f000172c40000000000000000,mean_abs_nonce_delta,1433159117.165819,1427764171.827173,15125163.969353,0.356687,0.746269,200
traj_20260905_190202_4a454354,59d1391e1a02b496d5c2fea62cf2a4fa6484e6900a84a04fd200a850722f4ff8,c7c041c0002635f1c48f670f1b194a40c26fd75f000172c40000000000000000,mean_circular_nonce_distance,1065887461.544904,1073881310.814843,9687777.439391,-0.825148,0.388060,200
traj_20260905_190202_4a454354,59d1391e1a02b496d5c2fea62cf2a4fa6484e6900a84a04fd200a850722f4ff8,c7c041c0002635f1c48f670f1b194a40c26fd75f000172c40000000000000000,mean_xor_popcount,16.068748,15.999259,0.043746,1.588484,0.099502,200
traj_20260905_190202_4a454354,59d1391e1a02b496d5c2fea62cf2a4fa6484e6900a84a04fd200a850722f4ff8,c7c041c0002635f1c48f670f1b194a40c26fd75f000172c40000000000000000,mean_common_prefix_bits,0.969015,0.999348,0.022028,-1.377041,0.174129,200
traj_20260905_190202_4a454354,59d1391e1a02b496d5c2fea62cf2a4fa6484e6900a84a04fd200a850722f4ff8,c7c041c0002635f1c48f670f1b194a40c26fd75f000172c40000000000000000,mean_common_suffix_bits,1.005326,0.999881,0.020741,0.262480,0.805970,200
traj_20260905_190202_4a454354,59d1391e1a02b496d5c2fea62cf2a4fa6484e6900a84a04fd200a850722f4ff8,c7c041c0002635f1c48f670f1b194a40c26fd75f000172c40000000000000000,spearman_y_rank_vs_nonce,-0.004746,-0.000240,0.014605,-0.308552,0.751244,200
traj_20260905_190202_4a454354,cc5fdb7b6a295f1914c22696941902df6dd08916236d6f05bbbc27e2e7a5b89e,c7c041c0002635f1c48f670f1b194a40c26fd75f000172c40000000000000000,mean_abs_nonce_delta,1424281088.489730,1427511484.183187,14997436.963897,-0.215397,0.805970,200
traj_20260905_190202_4a454354,cc5fdb7b6a295f1914c22696941902df6dd08916236d6f05bbbc27e2e7a5b89e,c7c041c0002635f1c48f670f1b194a40c26fd75f000172c40000000000000000,mean_circular_nonce_distance,1059501474.441722,1073407854.560637,9281962.662931,-1.498215,0.144279,200
traj_20260905_190202_4a454354,cc5fdb7b6a295f1914c22696941902df6dd08916236d6f05bbbc27e2e7a5b89e,c7c041c0002635f1c48f670f1b194a40c26fd75f000172c40000000000000000,mean_xor_popcount,16.001237,16.000421,0.048414,0.016868,0.980100,200
traj_20260905_190202_4a454354,cc5fdb7b6a295f1914c22696941902df6dd08916236d6f05bbbc27e2e7a5b89e,c7c041c0002635f1c48f670f1b194a40c26fd75f000172c40000000000000000,mean_common_prefix_bits,1.000000,0.998878,0.024102,0.046562,0.965174,200
traj_20260905_190202_4a454354,cc5fdb7b6a295f1914c22696941902df6dd08916236d6f05bbbc27e2e7a5b89e,c7c041c0002635f1c48f670f1b194a40c26fd75f000172c40000000000000000,mean_common_suffix_bits,1.009651,1.000106,0.022661,0.421190,0.661692,200
traj_20260905_190202_4a454354,cc5fdb7b6a295f1914c22696941902df6dd08916236d6f05bbbc27e2e7a5b89e,c7c041c0002635f1c48f670f1b194a40c26fd75f000172c40000000000000000,spearman_y_rank_vs_nonce,-0.004123,0.000486,0.015713,-0.293330,0.756219,200
